{
  "type": "recipe",
  "crafter": "sawmill_domum",
  "inputs": [
    {
      "id": "minecraft:spruce_wood",
      "count": 1
    },
    {
      "id": "minecraft:stone_bricks",
      "count": 1
    }
  ],
  "min-building-level": 2,
  "alternate-output" : [
    {
      "id": "domum_ornamentum:double_crossed",
      "components": {
        "domum_ornamentum:texture_data": {
          "minecraft:block/oak_planks": "minecraft:spruce_wood",
          "minecraft:block/dark_oak_planks": "minecraft:stone_bricks"
        }
      },
      "count": 4
    },
    {
      "id": "domum_ornamentum:down_gated",
      "components": {
        "domum_ornamentum:texture_data": {
          "minecraft:block/oak_planks": "minecraft:spruce_wood",
          "minecraft:block/dark_oak_planks": "minecraft:stone_bricks"
        }
      },
      "count": 4
    },
    {
      "id": "domum_ornamentum:fancy_door",
      "components": {
        "minecraft:block_state": {
          "type": "full"
        },
        "domum_ornamentum:texture_data": {
          "minecraft:block/oak_planks": "minecraft:spruce_wood",
          "minecraft:block/acacia_planks": "minecraft:stone_bricks"
        }
      },
      "count": 2
    },
    {
      "id": "domum_ornamentum:fancy_door",
      "components": {
        "minecraft:block_state": {
          "type": "creeper"
        },
        "domum_ornamentum:texture_data": {
          "minecraft:block/oak_planks": "minecraft:spruce_wood",
          "minecraft:block/acacia_planks": "minecraft:stone_bricks"
        }
      },
      "count": 2
    },
    {
      "id": "domum_ornamentum:fancy_trapdoors",
      "components": {
        "minecraft:block_state": {
          "type": "creeper"
        },
        "domum_ornamentum:texture_data": {
          "minecraft:block/oak_planks": "minecraft:spruce_wood",
          "minecraft:block/acacia_planks": "minecraft:stone_bricks"
        }
      },
      "count": 2
    },
    {
      "id": "domum_ornamentum:fancy_trapdoors",
      "components": {
        "minecraft:block_state": {
          "type": "full"
        },
        "domum_ornamentum:texture_data": {
          "minecraft:block/oak_planks": "minecraft:spruce_wood",
          "minecraft:block/acacia_planks": "minecraft:stone_bricks"
        }
      },
      "count": 2
    },
    {
      "id": "domum_ornamentum:framed",
      "components": {
        "domum_ornamentum:texture_data": {
          "minecraft:block/oak_planks": "minecraft:spruce_wood",
          "minecraft:block/dark_oak_planks": "minecraft:stone_bricks"
        }
      },
      "count": 4
    },
    {
      "id": "domum_ornamentum:horizontal_plain",
      "components": {
        "domum_ornamentum:texture_data": {
          "minecraft:block/oak_planks": "minecraft:spruce_wood",
          "minecraft:block/dark_oak_planks": "minecraft:stone_bricks"
        }
      },
      "count": 4
    },
    {
      "id": "domum_ornamentum:one_crossed_lr",
      "components": {
        "domum_ornamentum:texture_data": {
          "minecraft:block/oak_planks": "minecraft:spruce_wood",
          "minecraft:block/dark_oak_planks": "minecraft:stone_bricks"
        }
      },
      "count": 4
    },
    {
      "id": "domum_ornamentum:one_crossed_rl",
      "components": {
        "domum_ornamentum:texture_data": {
          "minecraft:block/oak_planks": "minecraft:spruce_wood",
          "minecraft:block/dark_oak_planks": "minecraft:stone_bricks"
        }
      },
      "count": 4
    },
    {
      "id": "domum_ornamentum:plain",
      "components": {
        "domum_ornamentum:texture_data": {
          "minecraft:block/oak_planks": "minecraft:spruce_wood",
          "minecraft:block/dark_oak_planks": "minecraft:stone_bricks"
        }
      },
      "count": 4
    },
    {
      "id": "domum_ornamentum:shingle",
      "components": {
        "domum_ornamentum:texture_data": {
          "minecraft:block/clay": "minecraft:spruce_wood",
          "minecraft:block/oak_planks": "minecraft:stone_bricks"
        }
      },
      "count": 4
    },
    {
      "id": "domum_ornamentum:shingle_flat",
      "components": {
        "domum_ornamentum:texture_data": {
          "minecraft:block/clay": "minecraft:spruce_wood",
          "minecraft:block/oak_planks": "minecraft:stone_bricks"
        }
      },
      "count": 4
    },
    {
      "id": "domum_ornamentum:shingle_flat_lower",
      "components": {
        "domum_ornamentum:texture_data": {
          "minecraft:block/clay": "minecraft:spruce_wood",
          "minecraft:block/oak_planks": "minecraft:stone_bricks"
        }
      },
      "count": 4
    },
    {
      "id": "domum_ornamentum:shingle_slab",
      "components": {
        "domum_ornamentum:texture_data": {
          "minecraft:block/oak_planks": "minecraft:spruce_wood",
          "minecraft:block/dark_oak_planks": "minecraft:stone_bricks"
        }
      },
      "count": 4
    },
    {
      "id": "domum_ornamentum:side_framed",
      "components": {
        "domum_ornamentum:texture_data": {
          "minecraft:block/oak_planks": "minecraft:spruce_wood",
          "minecraft:block/dark_oak_planks": "minecraft:stone_bricks"
        }
      },
      "count": 4
    },
    {
      "id": "domum_ornamentum:side_framed_horizontal",
      "components": {
        "domum_ornamentum:texture_data": {
          "minecraft:block/oak_planks": "minecraft:spruce_wood",
          "minecraft:block/dark_oak_planks": "minecraft:stone_bricks"
        }
      },
      "count": 4
    },
    {
      "id": "domum_ornamentum:up_gated",
      "components": {
        "domum_ornamentum:texture_data": {
          "minecraft:block/oak_planks": "minecraft:spruce_wood",
          "minecraft:block/dark_oak_planks": "minecraft:stone_bricks"
        }
      },
      "count": 4
    }
  ],
  "intermediate": "minecraft:air",
  "grid": 3,
  "result": {
    "id": "domum_ornamentum:blockpaperwall",
    "components": {
      "domum_ornamentum:texture_data": {
        "minecraft:block/oak_planks": "minecraft:spruce_wood",
        "minecraft:block/dark_oak_planks": "minecraft:stone_bricks"
      }
    },
    "count": 6
  }
}