{
  "type": "recipe",
  "crafter": "stonemason_crafting",
  "inputs": [
    {
      "id": "minecraft:granite",
      "count": 6
    }
  ],
  "min-building-level": 2,
  "alternate-output" : [
    {
      "id": "minecraft:granite_slab",
      "count": 12
    },
    {
      "id": "minecraft:granite_wall",
      "count": 6
    },
    {
      "id": "minecraft:polished_granite",
      "count": 6
    },
    {
      "id": "minecraft:polished_granite_stairs",
      "count": 4
    },
    {
      "id": "minecraft:polished_granite_slab",
      "count": 12
    }
  ],
  "intermediate": "minecraft:air",
  "result": {
    "id": "minecraft:granite_stairs",
    "count": 4
  }
}