{
  "type": "recipe",
  "crafter": "stonemason_crafting",
  "inputs": [
    {
      "id": "minecraft:polished_deepslate",
      "count": 6
    }
  ],
  "min-building-level": 4,
  "alternate-output" : [
    {
      "id": "minecraft:polished_deepslate_slab",
      "count": 12
    },
    {
      "id": "minecraft:polished_deepslate_wall",
      "count": 6
    },
    {
      "id": "minecraft:deepslate_bricks",
      "count": 6
    }
  ],
  "intermediate": "minecraft:air",
  "result": {
    "id": "minecraft:polished_deepslate_stairs",
    "count": 4
  }
}