{
  "type": "recipe",
  "crafter": "stonemason_custom",
  "inputs": [
    {
      "item": "minecraft:deepslate_bricks",
      "count": 1
    },
    {
      "item": "minecraft:glowstone",
      "count": 1
    }
  ],
  "min-building-level": 4,
  "alternate-output" : [
    {
      "item": "domum_ornamentum:crossed_light{textureData:{\"minecraft:block/oak_planks\":\"minecraft:deepslate_bricks\",\"minecraft:block/glowstone\":\"minecraft:glowstone\"}}",
      "count": 2
    },
    {
      "item": "domum_ornamentum:fancy_light{textureData:{\"minecraft:block/oak_planks\":\"minecraft:deepslate_bricks\",\"minecraft:block/glowstone\":\"minecraft:glowstone\"}}",
      "count": 2
    },
    {
      "item": "domum_ornamentum:four_light{textureData:{\"minecraft:block/oak_planks\":\"minecraft:deepslate_bricks\",\"minecraft:block/glowstone\":\"minecraft:glowstone\"}}",
      "count": 2
    },
    {
      "item": "domum_ornamentum:framed_light{textureData:{\"minecraft:block/oak_planks\":\"minecraft:deepslate_bricks\",\"minecraft:block/glowstone\":\"minecraft:glowstone\"}}",
      "count": 2
    },
    {
      "item": "domum_ornamentum:horizontal_light{textureData:{\"minecraft:block/oak_planks\":\"minecraft:deepslate_bricks\",\"minecraft:block/glowstone\":\"minecraft:glowstone\"}}",
      "count": 2
    },
    {
      "item": "domum_ornamentum:vertical_light{textureData:{\"minecraft:block/oak_planks\":\"minecraft:deepslate_bricks\",\"minecraft:block/glowstone\":\"minecraft:glowstone\"}}",
      "count": 2
    }
  ],
  "intermediate": "minecraft:air",
  "result": "domum_ornamentum:center_light{textureData:{\"minecraft:block/oak_planks\":\"minecraft:deepslate_bricks\",\"minecraft:block/glowstone\":\"minecraft:glowstone\"}}",
  "count": 2
}