{
  "type": "recipe",
  "crafter": "stonemason_custom",
  "inputs": [
    {
      "item": "minecraft:polished_granite",
      "count": 1
    },
    {
      "item": "minecraft:stone_bricks",
      "count": 1
    }
  ],
  "min-building-level": 3,
  "alternate-output" : [
    {
      "item": "domum_ornamentum:double_crossed{textureData:{\"minecraft:block/oak_planks\":\"minecraft:polished_granite\",\"minecraft:block/dark_oak_planks\":\"minecraft:stone_bricks\"}}",
      "count": 4
    },
    {
      "item": "domum_ornamentum:down_gated{textureData:{\"minecraft:block/oak_planks\":\"minecraft:polished_granite\",\"minecraft:block/dark_oak_planks\":\"minecraft:stone_bricks\"}}",
      "count": 4
    },
    {
      "item": "domum_ornamentum:fancy_door{type:\"full\",textureData:{\"minecraft:block/oak_planks\":\"minecraft:polished_granite\",\"minecraft:block/acacia_planks\":\"minecraft:stone_bricks\"}}",
      "count": 2
    },
    {
      "item": "domum_ornamentum:fancy_door{type:\"creeper\",textureData:{\"minecraft:block/oak_planks\":\"minecraft:polished_granite\",\"minecraft:block/acacia_planks\":\"minecraft:stone_bricks\"}}",
      "count": 2
    },
    {
      "item": "domum_ornamentum:fancy_trapdoors{type:\"creeper\",textureData:{\"minecraft:block/oak_planks\":\"minecraft:polished_granite\",\"minecraft:block/acacia_planks\":\"minecraft:stone_bricks\"}}",
      "count": 2
    },
    {
      "item": "domum_ornamentum:fancy_trapdoors{type:\"full\",textureData:{\"minecraft:block/oak_planks\":\"minecraft:polished_granite\",\"minecraft:block/acacia_planks\":\"minecraft:stone_bricks\"}}",
      "count": 2
    },
    {
      "item": "domum_ornamentum:framed{textureData:{\"minecraft:block/oak_planks\":\"minecraft:polished_granite\",\"minecraft:block/dark_oak_planks\":\"minecraft:stone_bricks\"}}",
      "count": 4
    },
    {
      "item": "domum_ornamentum:horizontal_plain{textureData:{\"minecraft:block/oak_planks\":\"minecraft:polished_granite\",\"minecraft:block/dark_oak_planks\":\"minecraft:stone_bricks\"}}",
      "count": 4
    },
    {
      "item": "domum_ornamentum:one_crossed_lr{textureData:{\"minecraft:block/oak_planks\":\"minecraft:polished_granite\",\"minecraft:block/dark_oak_planks\":\"minecraft:stone_bricks\"}}",
      "count": 4
    },
    {
      "item": "domum_ornamentum:one_crossed_rl{textureData:{\"minecraft:block/oak_planks\":\"minecraft:polished_granite\",\"minecraft:block/dark_oak_planks\":\"minecraft:stone_bricks\"}}",
      "count": 4
    },
    {
      "item": "domum_ornamentum:plain{textureData:{\"minecraft:block/oak_planks\":\"minecraft:polished_granite\",\"minecraft:block/dark_oak_planks\":\"minecraft:stone_bricks\"}}",
      "count": 4
    },
    {
      "item": "domum_ornamentum:shingle{textureData:{\"minecraft:block/clay\":\"minecraft:polished_granite\",\"minecraft:block/oak_planks\":\"minecraft:stone_bricks\"}}",
      "count": 4
    },
    {
      "item": "domum_ornamentum:shingle_flat{textureData:{\"minecraft:block/clay\":\"minecraft:polished_granite\",\"minecraft:block/oak_planks\":\"minecraft:stone_bricks\"}}",
      "count": 4
    },
    {
      "item": "domum_ornamentum:shingle_flat_lower{textureData:{\"minecraft:block/clay\":\"minecraft:polished_granite\",\"minecraft:block/oak_planks\":\"minecraft:stone_bricks\"}}",
      "count": 4
    },
    {
      "item": "domum_ornamentum:shingle_slab{textureData:{\"minecraft:block/oak_planks\":\"minecraft:polished_granite\",\"minecraft:block/dark_oak_planks\":\"minecraft:stone_bricks\"}}",
      "count": 4
    },
    {
      "item": "domum_ornamentum:side_framed{textureData:{\"minecraft:block/oak_planks\":\"minecraft:polished_granite\",\"minecraft:block/dark_oak_planks\":\"minecraft:stone_bricks\"}}",
      "count": 4
    },
    {
      "item": "domum_ornamentum:side_framed_horizontal{textureData:{\"minecraft:block/oak_planks\":\"minecraft:polished_granite\",\"minecraft:block/dark_oak_planks\":\"minecraft:stone_bricks\"}}",
      "count": 4
    },
    {
      "item": "domum_ornamentum:up_gated{textureData:{\"minecraft:block/oak_planks\":\"minecraft:polished_granite\",\"minecraft:block/dark_oak_planks\":\"minecraft:stone_bricks\"}}",
      "count": 4
    }
  ],
  "intermediate": "minecraft:air",
  "result": "domum_ornamentum:blockpaperwall{textureData:{\"minecraft:block/oak_planks\":\"minecraft:polished_granite\",\"minecraft:block/dark_oak_planks\":\"minecraft:stone_bricks\"}}",
  "count": 6
}