{
  "type": "recipe",
  "crafter": "stonemason_custom",
  "inputs": [
    {
      "item": "minecraft:stone",
      "count": 1
    }
  ],
  "min-building-level": 1,
  "alternate-output" : [
    {
      "item": "domum_ornamentum:blockypillar{textureData:{\"minecraft:block/oak_planks\":\"minecraft:stone\"}}",
      "count": 1
    },
    {
      "item": "domum_ornamentum:dark_brick{textureData:{\"minecraft:block/oak_planks\":\"minecraft:stone\"}}",
      "count": 1
    },
    {
      "item": "domum_ornamentum:dark_brick_stair{textureData:{\"minecraft:block/oak_planks\":\"minecraft:stone\"}}",
      "count": 1
    },
    {
      "item": "domum_ornamentum:light_brick{textureData:{\"minecraft:block/oak_planks\":\"minecraft:stone\"}}",
      "count": 1
    },
    {
      "item": "domum_ornamentum:light_brick_stair{textureData:{\"minecraft:block/oak_planks\":\"minecraft:stone\"}}",
      "count": 1
    },
    {
      "item": "domum_ornamentum:panel{type:\"VERTICALLY_STRIPED\",textureData:{\"minecraft:block/oak_planks\":\"minecraft:stone\"}}",
      "count": 4
    },
    {
      "item": "domum_ornamentum:panel{type:\"FULL\",textureData:{\"minecraft:block/oak_planks\":\"minecraft:stone\"}}",
      "count": 4
    },
    {
      "item": "domum_ornamentum:panel{type:\"HORIZONTALLY_SQUIGGLY_STRIPED\",textureData:{\"minecraft:block/oak_planks\":\"minecraft:stone\"}}",
      "count": 4
    },
    {
      "item": "domum_ornamentum:panel{type:\"PORTHOLE\",textureData:{\"minecraft:block/oak_planks\":\"minecraft:stone\"}}",
      "count": 4
    },
    {
      "item": "domum_ornamentum:panel{type:\"SLOT\",textureData:{\"minecraft:block/oak_planks\":\"minecraft:stone\"}}",
      "count": 4
    },
    {
      "item": "domum_ornamentum:panel{type:\"MOULDING\",textureData:{\"minecraft:block/oak_planks\":\"minecraft:stone\"}}",
      "count": 4
    },
    {
      "item": "domum_ornamentum:panel{type:\"WAFFLE\",textureData:{\"minecraft:block/oak_planks\":\"minecraft:stone\"}}",
      "count": 4
    },
    {
      "item": "domum_ornamentum:panel{type:\"BOSS\",textureData:{\"minecraft:block/oak_planks\":\"minecraft:stone\"}}",
      "count": 4
    },
    {
      "item": "domum_ornamentum:panel{type:\"COFFER\",textureData:{\"minecraft:block/oak_planks\":\"minecraft:stone\"}}",
      "count": 4
    },
    {
      "item": "domum_ornamentum:panel{type:\"VERTICALLY_SQUIGGLY_STRIPED\",textureData:{\"minecraft:block/oak_planks\":\"minecraft:stone\"}}",
      "count": 4
    },
    {
      "item": "domum_ornamentum:panel{type:\"PORT_MANTEAU\",textureData:{\"minecraft:block/oak_planks\":\"minecraft:stone\"}}",
      "count": 4
    },
    {
      "item": "domum_ornamentum:panel{type:\"HORIZONTAL_BARS\",textureData:{\"minecraft:block/oak_planks\":\"minecraft:stone\"}}",
      "count": 4
    },
    {
      "item": "domum_ornamentum:panel{type:\"HORIZONTALLY_STRIPED\",textureData:{\"minecraft:block/oak_planks\":\"minecraft:stone\"}}",
      "count": 4
    },
    {
      "item": "domum_ornamentum:panel{type:\"ROUNDEL\",textureData:{\"minecraft:block/oak_planks\":\"minecraft:stone\"}}",
      "count": 4
    },
    {
      "item": "domum_ornamentum:panel{type:\"VERTICAL_BARS\",textureData:{\"minecraft:block/oak_planks\":\"minecraft:stone\"}}",
      "count": 4
    },
    {
      "item": "domum_ornamentum:post{type:\"HEAVY\",textureData:{\"minecraft:block/oak_planks\":\"minecraft:stone\"}}",
      "count": 1
    },
    {
      "item": "domum_ornamentum:post{type:\"TURNED\",textureData:{\"minecraft:block/oak_planks\":\"minecraft:stone\"}}",
      "count": 1
    },
    {
      "item": "domum_ornamentum:post{type:\"PLAIN\",textureData:{\"minecraft:block/oak_planks\":\"minecraft:stone\"}}",
      "count": 1
    },
    {
      "item": "domum_ornamentum:post{type:\"PINCHED\",textureData:{\"minecraft:block/oak_planks\":\"minecraft:stone\"}}",
      "count": 1
    },
    {
      "item": "domum_ornamentum:post{type:\"QUAD\",textureData:{\"minecraft:block/oak_planks\":\"minecraft:stone\"}}",
      "count": 1
    },
    {
      "item": "domum_ornamentum:post{type:\"DOUBLE\",textureData:{\"minecraft:block/oak_planks\":\"minecraft:stone\"}}",
      "count": 1
    },
    {
      "item": "domum_ornamentum:squarepillar{textureData:{\"minecraft:block/oak_planks\":\"minecraft:stone\"}}",
      "count": 1
    },
    {
      "item": "domum_ornamentum:vanilla_doors_compat{type:\"VERTICALLY_STRIPED\",textureData:{\"minecraft:block/oak_planks\":\"minecraft:stone\"}}",
      "count": 1
    },
    {
      "item": "domum_ornamentum:vanilla_doors_compat{type:\"FULL\",textureData:{\"minecraft:block/oak_planks\":\"minecraft:stone\"}}",
      "count": 1
    },
    {
      "item": "domum_ornamentum:vanilla_doors_compat{type:\"PORT_MANTEAU\",textureData:{\"minecraft:block/oak_planks\":\"minecraft:stone\"}}",
      "count": 1
    },
    {
      "item": "domum_ornamentum:vanilla_doors_compat{type:\"WAFFLE\",textureData:{\"minecraft:block/oak_planks\":\"minecraft:stone\"}}",
      "count": 1
    },
    {
      "item": "domum_ornamentum:vanilla_fence_compat{textureData:{\"minecraft:block/oak_planks\":\"minecraft:stone\"}}",
      "count": 1
    },
    {
      "item": "domum_ornamentum:vanilla_fence_gate_compat{textureData:{\"minecraft:block/oak_planks\":\"minecraft:stone\"}}",
      "count": 1
    },
    {
      "item": "domum_ornamentum:vanilla_trapdoors_compat{type:\"VERTICALLY_STRIPED\",textureData:{\"minecraft:block/oak_planks\":\"minecraft:stone\"}}",
      "count": 1
    },
    {
      "item": "domum_ornamentum:vanilla_trapdoors_compat{type:\"MOULDING\",textureData:{\"minecraft:block/oak_planks\":\"minecraft:stone\"}}",
      "count": 1
    },
    {
      "item": "domum_ornamentum:vanilla_trapdoors_compat{type:\"PORT_MANTEAU\",textureData:{\"minecraft:block/oak_planks\":\"minecraft:stone\"}}",
      "count": 1
    },
    {
      "item": "domum_ornamentum:vanilla_trapdoors_compat{type:\"BOSS\",textureData:{\"minecraft:block/oak_planks\":\"minecraft:stone\"}}",
      "count": 1
    },
    {
      "item": "domum_ornamentum:vanilla_trapdoors_compat{type:\"PORTHOLE\",textureData:{\"minecraft:block/oak_planks\":\"minecraft:stone\"}}",
      "count": 1
    },
    {
      "item": "domum_ornamentum:vanilla_trapdoors_compat{type:\"FULL\",textureData:{\"minecraft:block/oak_planks\":\"minecraft:stone\"}}",
      "count": 1
    },
    {
      "item": "domum_ornamentum:vanilla_trapdoors_compat{type:\"HORIZONTALLY_STRIPED\",textureData:{\"minecraft:block/oak_planks\":\"minecraft:stone\"}}",
      "count": 1
    },
    {
      "item": "domum_ornamentum:vanilla_trapdoors_compat{type:\"SLOT\",textureData:{\"minecraft:block/oak_planks\":\"minecraft:stone\"}}",
      "count": 1
    },
    {
      "item": "domum_ornamentum:vanilla_trapdoors_compat{type:\"VERTICAL_BARS\",textureData:{\"minecraft:block/oak_planks\":\"minecraft:stone\"}}",
      "count": 1
    },
    {
      "item": "domum_ornamentum:vanilla_trapdoors_compat{type:\"ROUNDEL\",textureData:{\"minecraft:block/oak_planks\":\"minecraft:stone\"}}",
      "count": 1
    },
    {
      "item": "domum_ornamentum:vanilla_trapdoors_compat{type:\"WAFFLE\",textureData:{\"minecraft:block/oak_planks\":\"minecraft:stone\"}}",
      "count": 1
    },
    {
      "item": "domum_ornamentum:vanilla_trapdoors_compat{type:\"HORIZONTAL_BARS\",textureData:{\"minecraft:block/oak_planks\":\"minecraft:stone\"}}",
      "count": 1
    },
    {
      "item": "domum_ornamentum:vanilla_trapdoors_compat{type:\"HORIZONTALLY_SQUIGGLY_STRIPED\",textureData:{\"minecraft:block/oak_planks\":\"minecraft:stone\"}}",
      "count": 1
    },
    {
      "item": "domum_ornamentum:vanilla_trapdoors_compat{type:\"VERTICALLY_SQUIGGLY_STRIPED\",textureData:{\"minecraft:block/oak_planks\":\"minecraft:stone\"}}",
      "count": 1
    },
    {
      "item": "domum_ornamentum:vanilla_trapdoors_compat{type:\"COFFER\",textureData:{\"minecraft:block/oak_planks\":\"minecraft:stone\"}}",
      "count": 1
    }
  ],
  "intermediate": "minecraft:air",
  "grid": 3,
  "result": "domum_ornamentum:blockpillar{textureData:{\"minecraft:block/oak_planks\":\"minecraft:stone\"}}",
  "count": 1
}