{
  "type": "recipe",
  "crafter": "stonemason_crafting",
  "inputs": [
    {
      "item": "minecraft:cobbled_deepslate",
      "count": 6
    }
  ],
  "min-building-level": 4,
  "alternate-output" : [
    {
      "item": "minecraft:cobbled_deepslate_slab",
      "count": 12
    },
    {
      "item": "minecraft:cobbled_deepslate_wall",
      "count": 6
    },
    {
      "item": "minecraft:polished_deepslate",
      "count": 6
    }
  ],
  "intermediate": "minecraft:air",
  "result": "minecraft:cobbled_deepslate_stairs",
  "count": 4
}