{
  "type": "recipe",
  "crafter": "stonemason_crafting",
  "inputs": [
    {
      "item": "minecraft:nether_bricks",
      "count": 6
    }
  ],
  "min-building-level": 3,
  "alternate-output" : [
    {
      "item": "minecraft:nether_brick_slab",
      "count": 12
    },
    {
      "item": "minecraft:nether_brick_wall",
      "count": 6
    },
    {
      "item": "minecraft:chiseled_nether_bricks",
      "count": 6
    },
    {
      "item": "minecraft:nether_brick_fence",
      "count": 6
    }
  ],
  "intermediate": "minecraft:air",
  "result": "minecraft:nether_brick_stairs",
  "count": 4
}