{
  "type": "recipe",
  "crafter": "sawmill_custom",
  "inputs": [
    {
      "item": "minecraft:spruce_planks",
      "count": 1
    }
  ],
  "min-building-level": 1,
  "alternate-output" : [
    {
      "item": "domum_ornamentum:blockypillar{textureData:{\"minecraft:block/oak_planks\":\"minecraft:spruce_planks\"}}",
      "count": 1
    },
    {
      "item": "domum_ornamentum:squarepillar{textureData:{\"minecraft:block/oak_planks\":\"minecraft:spruce_planks\"}}",
      "count": 1
    },
    {
      "item": "domum_ornamentum:vanilla_doors_compat{type:\"vertically_striped\",textureData:{\"minecraft:block/oak_planks\":\"minecraft:spruce_planks\"}}",
      "count": 1
    },
    {
      "item": "domum_ornamentum:vanilla_doors_compat{type:\"full\",textureData:{\"minecraft:block/oak_planks\":\"minecraft:spruce_planks\"}}",
      "count": 1
    },
    {
      "item": "domum_ornamentum:vanilla_doors_compat{type:\"port_manteau\",textureData:{\"minecraft:block/oak_planks\":\"minecraft:spruce_planks\"}}",
      "count": 1
    },
    {
      "item": "domum_ornamentum:vanilla_doors_compat{type:\"waffle\",textureData:{\"minecraft:block/oak_planks\":\"minecraft:spruce_planks\"}}",
      "count": 1
    },
    {
      "item": "domum_ornamentum:vanilla_trapdoors_compat{type:\"vertically_striped\",textureData:{\"minecraft:block/oak_planks\":\"minecraft:spruce_planks\"}}",
      "count": 1
    },
    {
      "item": "domum_ornamentum:vanilla_trapdoors_compat{type:\"moulding\",textureData:{\"minecraft:block/oak_planks\":\"minecraft:spruce_planks\"}}",
      "count": 1
    },
    {
      "item": "domum_ornamentum:vanilla_trapdoors_compat{type:\"port_manteau\",textureData:{\"minecraft:block/oak_planks\":\"minecraft:spruce_planks\"}}",
      "count": 1
    },
    {
      "item": "domum_ornamentum:vanilla_trapdoors_compat{type:\"boss\",textureData:{\"minecraft:block/oak_planks\":\"minecraft:spruce_planks\"}}",
      "count": 1
    },
    {
      "item": "domum_ornamentum:vanilla_trapdoors_compat{type:\"porthole\",textureData:{\"minecraft:block/oak_planks\":\"minecraft:spruce_planks\"}}",
      "count": 1
    },
    {
      "item": "domum_ornamentum:vanilla_trapdoors_compat{type:\"full\",textureData:{\"minecraft:block/oak_planks\":\"minecraft:spruce_planks\"}}",
      "count": 1
    },
    {
      "item": "domum_ornamentum:vanilla_trapdoors_compat{type:\"horizontally_striped\",textureData:{\"minecraft:block/oak_planks\":\"minecraft:spruce_planks\"}}",
      "count": 1
    },
    {
      "item": "domum_ornamentum:vanilla_trapdoors_compat{type:\"slot\",textureData:{\"minecraft:block/oak_planks\":\"minecraft:spruce_planks\"}}",
      "count": 1
    },
    {
      "item": "domum_ornamentum:vanilla_trapdoors_compat{type:\"vertical_bars\",textureData:{\"minecraft:block/oak_planks\":\"minecraft:spruce_planks\"}}",
      "count": 1
    },
    {
      "item": "domum_ornamentum:vanilla_trapdoors_compat{type:\"roundel\",textureData:{\"minecraft:block/oak_planks\":\"minecraft:spruce_planks\"}}",
      "count": 1
    },
    {
      "item": "domum_ornamentum:vanilla_trapdoors_compat{type:\"waffle\",textureData:{\"minecraft:block/oak_planks\":\"minecraft:spruce_planks\"}}",
      "count": 1
    },
    {
      "item": "domum_ornamentum:vanilla_trapdoors_compat{type:\"horizontal_bars\",textureData:{\"minecraft:block/oak_planks\":\"minecraft:spruce_planks\"}}",
      "count": 1
    },
    {
      "item": "domum_ornamentum:vanilla_trapdoors_compat{type:\"horizontally_squiggly_striped\",textureData:{\"minecraft:block/oak_planks\":\"minecraft:spruce_planks\"}}",
      "count": 1
    },
    {
      "item": "domum_ornamentum:vanilla_trapdoors_compat{type:\"vertically_squiggly_striped\",textureData:{\"minecraft:block/oak_planks\":\"minecraft:spruce_planks\"}}",
      "count": 1
    },
    {
      "item": "domum_ornamentum:vanilla_trapdoors_compat{type:\"coffer\",textureData:{\"minecraft:block/oak_planks\":\"minecraft:spruce_planks\"}}",
      "count": 1
    }
  ],
  "intermediate": "minecraft:air",
  "grid": 3,
  "result": "domum_ornamentum:blockpillar{textureData:{\"minecraft:block/oak_planks\":\"minecraft:spruce_planks\"}}",
  "count": 1
}