{
  "type": "recipe",
  "crafter": "sawmill_custom",
  "inputs": [
    {
      "item": "minecraft:spruce_planks",
      "count": 1
    }
  ],
  "min-building-level": 1,
  "alternate-output" : [
    {
      "item": "domum_ornamentum:panel{type:\"FULL\",textureData:{\"minecraft:block/oak_planks\":\"minecraft:spruce_planks\"}}",
      "count": 4
    },
    {
      "item": "domum_ornamentum:panel{type:\"HORIZONTALLY_SQUIGGLY_STRIPED\",textureData:{\"minecraft:block/oak_planks\":\"minecraft:spruce_planks\"}}",
      "count": 4
    },
    {
      "item": "domum_ornamentum:panel{type:\"PORTHOLE\",textureData:{\"minecraft:block/oak_planks\":\"minecraft:spruce_planks\"}}",
      "count": 4
    },
    {
      "item": "domum_ornamentum:panel{type:\"SLOT\",textureData:{\"minecraft:block/oak_planks\":\"minecraft:spruce_planks\"}}",
      "count": 4
    },
    {
      "item": "domum_ornamentum:panel{type:\"MOULDING\",textureData:{\"minecraft:block/oak_planks\":\"minecraft:spruce_planks\"}}",
      "count": 4
    },
    {
      "item": "domum_ornamentum:panel{type:\"WAFFLE\",textureData:{\"minecraft:block/oak_planks\":\"minecraft:spruce_planks\"}}",
      "count": 4
    },
    {
      "item": "domum_ornamentum:panel{type:\"BOSS\",textureData:{\"minecraft:block/oak_planks\":\"minecraft:spruce_planks\"}}",
      "count": 4
    },
    {
      "item": "domum_ornamentum:panel{type:\"COFFER\",textureData:{\"minecraft:block/oak_planks\":\"minecraft:spruce_planks\"}}",
      "count": 4
    },
    {
      "item": "domum_ornamentum:panel{type:\"VERTICALLY_SQUIGGLY_STRIPED\",textureData:{\"minecraft:block/oak_planks\":\"minecraft:spruce_planks\"}}",
      "count": 4
    },
    {
      "item": "domum_ornamentum:panel{type:\"PORT_MANTEAU\",textureData:{\"minecraft:block/oak_planks\":\"minecraft:spruce_planks\"}}",
      "count": 4
    },
    {
      "item": "domum_ornamentum:panel{type:\"HORIZONTAL_BARS\",textureData:{\"minecraft:block/oak_planks\":\"minecraft:spruce_planks\"}}",
      "count": 4
    },
    {
      "item": "domum_ornamentum:panel{type:\"HORIZONTALLY_STRIPED\",textureData:{\"minecraft:block/oak_planks\":\"minecraft:spruce_planks\"}}",
      "count": 4
    },
    {
      "item": "domum_ornamentum:panel{type:\"ROUNDEL\",textureData:{\"minecraft:block/oak_planks\":\"minecraft:spruce_planks\"}}",
      "count": 4
    },
    {
      "item": "domum_ornamentum:panel{type:\"VERTICAL_BARS\",textureData:{\"minecraft:block/oak_planks\":\"minecraft:spruce_planks\"}}",
      "count": 4
    },
    {
      "item": "domum_ornamentum:post{type:\"HEAVY\",textureData:{\"minecraft:block/oak_planks\":\"minecraft:spruce_planks\"}}",
      "count": 1
    },
    {
      "item": "domum_ornamentum:post{type:\"TURNED\",textureData:{\"minecraft:block/oak_planks\":\"minecraft:spruce_planks\"}}",
      "count": 1
    },
    {
      "item": "domum_ornamentum:post{type:\"PLAIN\",textureData:{\"minecraft:block/oak_planks\":\"minecraft:spruce_planks\"}}",
      "count": 1
    },
    {
      "item": "domum_ornamentum:post{type:\"PINCHED\",textureData:{\"minecraft:block/oak_planks\":\"minecraft:spruce_planks\"}}",
      "count": 1
    },
    {
      "item": "domum_ornamentum:post{type:\"QUAD\",textureData:{\"minecraft:block/oak_planks\":\"minecraft:spruce_planks\"}}",
      "count": 1
    },
    {
      "item": "domum_ornamentum:post{type:\"DOUBLE\",textureData:{\"minecraft:block/oak_planks\":\"minecraft:spruce_planks\"}}",
      "count": 1
    }
  ],
  "intermediate": "minecraft:air",
  "grid": 3,
  "result": "domum_ornamentum:panel{type:\"VERTICALLY_STRIPED\",textureData:{\"minecraft:block/oak_planks\":\"minecraft:spruce_planks\"}}",
  "count": 4
}