{
  "type": "recipe",
  "crafter": "sawmill_crafting",
  "inputs": [
    {
      "item": "minecraft:spruce_planks",
      "count": 6
    }
  ],
  "min-building-level": 1,
  "alternate-output" : [
    {
      "item": "minecraft:spruce_slab",
      "count": 12
    },
    {
      "item": "minecraft:spruce_door",
      "count": 3
    },
    {
      "item": "minecraft:spruce_trapdoor",
      "count": 2
    },
    {
      "item": "minecraft:spruce_fence",
      "count": 4
    },
    {
      "item": "minecraft:spruce_fence_gate",
      "count": 2
    },
    {
      "item": "minecraft:stick",
      "count": 12
    },
    {
      "item": "minecraft:ladder",
      "count": 6
    }
  ],
  "intermediate": "minecraft:air",
  "result": "minecraft:spruce_stairs",
  "count": 4
}