{
  "type": "recipe",
  "crafter": "concretemixer_custom",
  "inputs": [
    {
      "item": "pink_concrete",
      "count": 1
    }
  ],
  "min-building-level": 2,
  "alternate-output" : [
    {
      "item": "domum_ornamentum:blockypillar{textureData:{\"minecraft:block/oak_planks\":\"pink_concrete\"}}",
      "count": 1
    },
    {
      "item": "domum_ornamentum:dark_brick{textureData:{\"minecraft:block/oak_planks\":\"pink_concrete\"}}",
      "count": 1
    },
    {
      "item": "domum_ornamentum:dark_brick_stair{textureData:{\"minecraft:block/oak_planks\":\"pink_concrete\"}}",
      "count": 1
    },
    {
      "item": "domum_ornamentum:light_brick{textureData:{\"minecraft:block/oak_planks\":\"pink_concrete\"}}",
      "count": 1
    },
    {
      "item": "domum_ornamentum:light_brick_stair{textureData:{\"minecraft:block/oak_planks\":\"pink_concrete\"}}",
      "count": 1
    },
    {
      "item": "domum_ornamentum:panel{type:\"vertically_striped\",textureData:{\"minecraft:block/oak_planks\":\"pink_concrete\"}}",
      "count": 4
    },
    {
      "item": "domum_ornamentum:panel{type:\"full\",textureData:{\"minecraft:block/oak_planks\":\"pink_concrete\"}}",
      "count": 4
    },
    {
      "item": "domum_ornamentum:panel{type:\"horizontally_squiggly_striped\",textureData:{\"minecraft:block/oak_planks\":\"pink_concrete\"}}",
      "count": 4
    },
    {
      "item": "domum_ornamentum:panel{type:\"porthole\",textureData:{\"minecraft:block/oak_planks\":\"pink_concrete\"}}",
      "count": 4
    },
    {
      "item": "domum_ornamentum:panel{type:\"slot\",textureData:{\"minecraft:block/oak_planks\":\"pink_concrete\"}}",
      "count": 4
    },
    {
      "item": "domum_ornamentum:panel{type:\"moulding\",textureData:{\"minecraft:block/oak_planks\":\"pink_concrete\"}}",
      "count": 4
    },
    {
      "item": "domum_ornamentum:panel{type:\"waffle\",textureData:{\"minecraft:block/oak_planks\":\"pink_concrete\"}}",
      "count": 4
    },
    {
      "item": "domum_ornamentum:panel{type:\"boss\",textureData:{\"minecraft:block/oak_planks\":\"pink_concrete\"}}",
      "count": 4
    },
    {
      "item": "domum_ornamentum:panel{type:\"coffer\",textureData:{\"minecraft:block/oak_planks\":\"pink_concrete\"}}",
      "count": 4
    },
    {
      "item": "domum_ornamentum:panel{type:\"vertically_squiggly_striped\",textureData:{\"minecraft:block/oak_planks\":\"pink_concrete\"}}",
      "count": 4
    },
    {
      "item": "domum_ornamentum:panel{type:\"port_manteau\",textureData:{\"minecraft:block/oak_planks\":\"pink_concrete\"}}",
      "count": 4
    },
    {
      "item": "domum_ornamentum:panel{type:\"horizontal_bars\",textureData:{\"minecraft:block/oak_planks\":\"pink_concrete\"}}",
      "count": 4
    },
    {
      "item": "domum_ornamentum:panel{type:\"horizontally_striped\",textureData:{\"minecraft:block/oak_planks\":\"pink_concrete\"}}",
      "count": 4
    },
    {
      "item": "domum_ornamentum:panel{type:\"roundel\",textureData:{\"minecraft:block/oak_planks\":\"pink_concrete\"}}",
      "count": 4
    },
    {
      "item": "domum_ornamentum:panel{type:\"vertical_bars\",textureData:{\"minecraft:block/oak_planks\":\"pink_concrete\"}}",
      "count": 4
    },
    {
      "item": "domum_ornamentum:post{type:\"heavy\",textureData:{\"minecraft:block/oak_planks\":\"pink_concrete\"}}",
      "count": 1
    },
    {
      "item": "domum_ornamentum:post{type:\"turned\",textureData:{\"minecraft:block/oak_planks\":\"pink_concrete\"}}",
      "count": 1
    },
    {
      "item": "domum_ornamentum:post{type:\"plain\",textureData:{\"minecraft:block/oak_planks\":\"pink_concrete\"}}",
      "count": 1
    },
    {
      "item": "domum_ornamentum:post{type:\"pinched\",textureData:{\"minecraft:block/oak_planks\":\"pink_concrete\"}}",
      "count": 1
    },
    {
      "item": "domum_ornamentum:post{type:\"quad\",textureData:{\"minecraft:block/oak_planks\":\"pink_concrete\"}}",
      "count": 1
    },
    {
      "item": "domum_ornamentum:post{type:\"double\",textureData:{\"minecraft:block/oak_planks\":\"pink_concrete\"}}",
      "count": 1
    },
    {
      "item": "domum_ornamentum:squarepillar{textureData:{\"minecraft:block/oak_planks\":\"pink_concrete\"}}",
      "count": 1
    },
    {
      "item": "domum_ornamentum:vanilla_doors_compat{type:\"vertically_striped\",textureData:{\"minecraft:block/oak_planks\":\"pink_concrete\"}}",
      "count": 1
    },
    {
      "item": "domum_ornamentum:vanilla_doors_compat{type:\"full\",textureData:{\"minecraft:block/oak_planks\":\"pink_concrete\"}}",
      "count": 1
    },
    {
      "item": "domum_ornamentum:vanilla_doors_compat{type:\"port_manteau\",textureData:{\"minecraft:block/oak_planks\":\"pink_concrete\"}}",
      "count": 1
    },
    {
      "item": "domum_ornamentum:vanilla_doors_compat{type:\"waffle\",textureData:{\"minecraft:block/oak_planks\":\"pink_concrete\"}}",
      "count": 1
    },
    {
      "item": "domum_ornamentum:vanilla_fence_compat{textureData:{\"minecraft:block/oak_planks\":\"pink_concrete\"}}",
      "count": 1
    },
    {
      "item": "domum_ornamentum:vanilla_fence_gate_compat{textureData:{\"minecraft:block/oak_planks\":\"pink_concrete\"}}",
      "count": 1
    },
    {
      "item": "domum_ornamentum:vanilla_slab_compat{textureData:{\"minecraft:block/oak_planks\":\"pink_concrete\"}}",
      "count": 1
    },
    {
      "item": "domum_ornamentum:vanilla_stairs_compat{textureData:{\"minecraft:block/oak_planks\":\"pink_concrete\"}}",
      "count": 1
    },
    {
      "item": "domum_ornamentum:vanilla_trapdoors_compat{type:\"vertically_striped\",textureData:{\"minecraft:block/oak_planks\":\"pink_concrete\"}}",
      "count": 1
    },
    {
      "item": "domum_ornamentum:vanilla_trapdoors_compat{type:\"moulding\",textureData:{\"minecraft:block/oak_planks\":\"pink_concrete\"}}",
      "count": 1
    },
    {
      "item": "domum_ornamentum:vanilla_trapdoors_compat{type:\"port_manteau\",textureData:{\"minecraft:block/oak_planks\":\"pink_concrete\"}}",
      "count": 1
    },
    {
      "item": "domum_ornamentum:vanilla_trapdoors_compat{type:\"boss\",textureData:{\"minecraft:block/oak_planks\":\"pink_concrete\"}}",
      "count": 1
    },
    {
      "item": "domum_ornamentum:vanilla_trapdoors_compat{type:\"porthole\",textureData:{\"minecraft:block/oak_planks\":\"pink_concrete\"}}",
      "count": 1
    },
    {
      "item": "domum_ornamentum:vanilla_trapdoors_compat{type:\"full\",textureData:{\"minecraft:block/oak_planks\":\"pink_concrete\"}}",
      "count": 1
    },
    {
      "item": "domum_ornamentum:vanilla_trapdoors_compat{type:\"horizontally_striped\",textureData:{\"minecraft:block/oak_planks\":\"pink_concrete\"}}",
      "count": 1
    },
    {
      "item": "domum_ornamentum:vanilla_trapdoors_compat{type:\"slot\",textureData:{\"minecraft:block/oak_planks\":\"pink_concrete\"}}",
      "count": 1
    },
    {
      "item": "domum_ornamentum:vanilla_trapdoors_compat{type:\"vertical_bars\",textureData:{\"minecraft:block/oak_planks\":\"pink_concrete\"}}",
      "count": 1
    },
    {
      "item": "domum_ornamentum:vanilla_trapdoors_compat{type:\"roundel\",textureData:{\"minecraft:block/oak_planks\":\"pink_concrete\"}}",
      "count": 1
    },
    {
      "item": "domum_ornamentum:vanilla_trapdoors_compat{type:\"waffle\",textureData:{\"minecraft:block/oak_planks\":\"pink_concrete\"}}",
      "count": 1
    },
    {
      "item": "domum_ornamentum:vanilla_trapdoors_compat{type:\"horizontal_bars\",textureData:{\"minecraft:block/oak_planks\":\"pink_concrete\"}}",
      "count": 1
    },
    {
      "item": "domum_ornamentum:vanilla_trapdoors_compat{type:\"horizontally_squiggly_striped\",textureData:{\"minecraft:block/oak_planks\":\"pink_concrete\"}}",
      "count": 1
    },
    {
      "item": "domum_ornamentum:vanilla_trapdoors_compat{type:\"vertically_squiggly_striped\",textureData:{\"minecraft:block/oak_planks\":\"pink_concrete\"}}",
      "count": 1
    },
    {
      "item": "domum_ornamentum:vanilla_trapdoors_compat{type:\"coffer\",textureData:{\"minecraft:block/oak_planks\":\"pink_concrete\"}}",
      "count": 1
    },
    {
      "item": "domum_ornamentum:vanilla_wall_compat{textureData:{\"minecraft:block/oak_planks\":\"pink_concrete\"}}",
      "count": 1
    }

  ],
  "intermediate": "minecraft:air",
  "result": "domum_ornamentum:blockpillar{textureData:{\"minecraft:block/oak_planks\":\"pink_concrete\"}}",
  "count": 1
}