{
  "type": "recipe",
  "crafter": "blacksmith_crafting",
  "inputs": [
    {
      "id": "minecraft:iron_ingot",
      "count": 3
    },
    {
      "id": "minecraft:stick",
      "count": 2
    }
  ],
  "min-building-level": 2,
  "alternate-output" : [
    {
      "id": "minecraft:iron_axe",
      "count": 1
    },
    {
      "id": "minecraft:iron_shovel",
      "count": 1
    },
    {
      "id": "minecraft:iron_hoe",
      "count": 1
    },
    {
      "id": "minecraft:iron_sword",
      "count": 1
    }
  ],
  "intermediate": "minecraft:air",
  "result": {
    "id": "minecraft:iron_pickaxe",
    "count": 1
  }
}