{
  "type": "recipe",
  "crafter": "blacksmith_crafting",
  "inputs": [
    {
      "item": "minecraft:cobblestone",
      "count": 3
    },
    {
      "item": "minecraft:stick",
      "count": 2
    }
  ],
  "min-building-level": 1,
  "alternate-output" : [
    {
      "item": "minecraft:stone_axe",
      "count": 1
    },
    {
      "item": "minecraft:stone_shovel",
      "count": 1
    },
    {
      "item": "minecraft:stone_hoe",
      "count": 1
    },
    {
      "item": "minecraft:stone_sword",
      "count": 1
    }
  ],
  "intermediate": "minecraft:air",
  "result": "minecraft:stone_pickaxe",
  "count": 1
}